Version,Size,SolveTime_s,TotalTime_s
CPU,500,0.124230,0.132856
GPU_Basic,500,0.381345,0.390020
GPU_Opt,500,0.319876,0.328362
CPU,1000,0.490904,0.519745
GPU_Basic,1000,0.576115,0.606550
GPU_Opt,1000,0.326878,0.357819
CPU,2000,1.969910,2.085105
GPU_Basic,2000,1.181760,1.297810
GPU_Opt,2000,0.335923,0.460424
CPU,4000,7.811511,8.328587
GPU_Basic,4000,3.789434,4.293729
GPU_Opt,4000,0.383748,0.886833
CPU,8000,31.097720,33.121521
GPU_Basic,8000,14.013173,16.021479
GPU_Opt,8000,0.578658,2.578770
